{
    "n_estimators": 100,
    "max_depth": null,
    "min_samples_split": 2,
    "min_samples_leaf": 1,
    "feature_importances": [
        0.00010465348959884233,
        0.00024343508737755838,
        0.011358931601375579,
        0.17609709984173583,
        0.02540383948979225,
        0.0029530398834945013,
        0.6733616406173756,
        0.07728511152409084,
        0.03319224846515899
    ]
}