{
    "n_estimators": 100,
    "max_depth": null,
    "min_samples_split": 2,
    "min_samples_leaf": 1,
    "feature_importances": [
        0.009063343833487813,
        0.0063799700722741185,
        0.04097912885357353,
        0.7793717027109127,
        0.00901212801189002,
        0.05834354864835133,
        0.0036961629266675546,
        0.09312220439334572,
        3.181054949714252e-05
    ]
}