{
    "n_estimators": 100,
    "max_depth": null,
    "min_samples_split": 2,
    "min_samples_leaf": 1,
    "feature_importances": [
        3.590338047082042e-05,
        1.082636630123075e-06,
        0.004147107721402628,
        0.08114539734342736,
        0.4299137884129096,
        0.016417010921200556,
        0.17010255410726843,
        0.031164352619586982,
        0.26707280285710333
    ]
}