{
    "n_estimators": 100,
    "max_depth": null,
    "min_samples_split": 2,
    "min_samples_leaf": 1,
    "feature_importances": [
        0.006414541597596717,
        0.009267387282115293,
        0.025931225170649677,
        0.7098251372434267,
        0.006991659003024472,
        0.048415765535048984,
        0.004214464705600316,
        0.18701559362396916,
        0.001924225838568732
    ]
}