{
    "anemia": {
        "n_estimators": 200,
        "max_depth": 15,
        "min_samples_split": 5,
        "min_samples_leaf": 2,
        "feature_importances": [
            0.0009987642190961567,
            0.0012812965665058792,
            0.012293783073297714,
            0.21007073171244503,
            0.06350083504847845,
            0.040856680065715946,
            0.5217281180159409,
            0.12809578571107583,
            0.021174005587444245
        ]
    },
    "cholesterol": {
        "n_estimators": 300,
        "max_depth": 20,
        "min_samples_split": 5,
        "min_samples_leaf": 2,
        "feature_importances": [
            0.013924670641256022,
            0.009260625502160454,
            0.05074425515473389,
            0.780732944283012,
            0.019725600622996515,
            0.08404904327169457,
            0.004401981898314295,
            0.037134425933702385,
            2.6452692129815205e-05
        ]
    },
    "ckd": {
        "n_estimators": 200,
        "max_depth": 15,
        "min_samples_split": 5,
        "min_samples_leaf": 2,
        "feature_importances": [
            0.0006520163501072057,
            0.0004459586093422199,
            0.0097408360123681,
            0.05604966528636754,
            0.5117895373140031,
            0.029688183399763014,
            0.2199888525688793,
            0.08617615852822552,
            0.08546879193094399
        ]
    },
    "diabetes": {
        "n_estimators": 300,
        "max_depth": 20,
        "min_samples_split": 5,
        "min_samples_leaf": 2,
        "feature_importances": [
            0.009957329652351288,
            0.006610485177067537,
            0.049365765308654226,
            0.7474376833867915,
            0.01352460478059866,
            0.07882718669451148,
            0.0038163383999384555,
            0.08822091436482457,
            0.002239692235262269
        ]
    },
    "heart": {
        "n_estimators": 300,
        "max_depth": 20,
        "min_samples_split": 5,
        "min_samples_leaf": 2,
        "feature_importances": [
            0.009336084319997903,
            0.00818918951259949,
            0.028015772553809472,
            0.15863649344687433,
            0.04705972278999946,
            0.7027853964230631,
            0.002743266063079325,
            0.040218923248426686,
            0.003015151642150155
        ]
    },
    "hypertension": {
        "n_estimators": 300,
        "max_depth": 20,
        "min_samples_split": 5,
        "min_samples_leaf": 2,
        "feature_importances": [
            0.04868184351212567,
            0.04142359863673191,
            0.011157328407607508,
            0.33302550264315445,
            0.10064768287674197,
            0.252869444756814,
            0.013305770338253168,
            0.19693726018140414,
            0.001951568647167176
        ]
    },
    "ms": {
        "n_estimators": 200,
        "max_depth": 15,
        "min_samples_split": 5,
        "min_samples_leaf": 2,
        "feature_importances": [
            0.023963750828529227,
            0.017696836234355116,
            0.06021285119108437,
            0.16988224961101853,
            0.014367974952390072,
            0.05475597990211009,
            0.5897111245749477,
            0.06878531280580429,
            0.0006239198997607361
        ]
    },
    "nafld": {
        "n_estimators": 200,
        "max_depth": 15,
        "min_samples_split": 5,
        "min_samples_leaf": 2,
        "feature_importances": [
            0.22621738332333668,
            0.1603683542535611,
            0.07766285581118262,
            0.29257072586736504,
            0.026296683921524903,
            0.09923748478101915,
            0.006023437203083441,
            0.11151978713757038,
            0.00010328770135675604
        ]
    },
    "obesity": {
        "n_estimators": 200,
        "max_depth": 15,
        "min_samples_split": 5,
        "min_samples_leaf": 2,
        "feature_importances": [
            0.0,
            0.0,
            0.0,
            0.0,
            0.0,
            0.0,
            0.0,
            0.0,
            0.0
        ]
    },
    "stroke": {
        "n_estimators": 200,
        "max_depth": 15,
        "min_samples_split": 5,
        "min_samples_leaf": 2,
        "feature_importances": [
            0.06815513765951778,
            0.04435333290411071,
            0.10840744804717656,
            0.4680863865704708,
            0.04552308399263254,
            0.16141556453582515,
            0.031862043492782446,
            0.07210509956122965,
            9.190323625442462e-05
        ]
    }
}