{
    "anemia": {
        "n_estimators": 200,
        "max_depth": 15,
        "min_samples_split": 5,
        "min_samples_leaf": 2,
        "feature_importances": [
            0.0009972143404008177,
            0.0012784964598667164,
            0.012367906402285618,
            0.21001739708291556,
            0.06437883427266239,
            0.04091707258557728,
            0.5211623391204043,
            0.1280496001304353,
            0.020831139605451993
        ]
    },
    "cholesterol": {
        "n_estimators": 300,
        "max_depth": 20,
        "min_samples_split": 5,
        "min_samples_leaf": 2,
        "feature_importances": [
            0.014226627584206663,
            0.008135542556802456,
            0.051697237062240824,
            0.7863153463288947,
            0.019302598240583793,
            0.08150714273686305,
            0.0031212745462167023,
            0.0356677197777133,
            2.651116647845095e-05
        ]
    },
    "ckd": {
        "n_estimators": 200,
        "max_depth": 15,
        "min_samples_split": 5,
        "min_samples_leaf": 2,
        "feature_importances": [
            0.0006381242925902579,
            0.0004983475343200171,
            0.010130562298962987,
            0.056133587498614856,
            0.5121582325146715,
            0.02997265088372853,
            0.21870613237379274,
            0.08604453861418875,
            0.0857178239891303
        ]
    },
    "diabetes": {
        "n_estimators": 300,
        "max_depth": 20,
        "min_samples_split": 5,
        "min_samples_leaf": 2,
        "feature_importances": [
            0.010244717114981212,
            0.006287051387274389,
            0.04935762323657609,
            0.7474363510411989,
            0.013536510757832557,
            0.07853281238865718,
            0.003899469625068829,
            0.08845363279413031,
            0.0022518316542806207
        ]
    },
    "heart": {
        "n_estimators": 300,
        "max_depth": 20,
        "min_samples_split": 5,
        "min_samples_leaf": 2,
        "feature_importances": [
            0.008530792871087873,
            0.008604183355272368,
            0.026840042703176314,
            0.15273457651159944,
            0.048857689228177605,
            0.6972211587608276,
            0.011073814318864386,
            0.0431784093483326,
            0.002959332902661825
        ]
    },
    "hypertension": {
        "n_estimators": 300,
        "max_depth": 20,
        "min_samples_split": 5,
        "min_samples_leaf": 2,
        "feature_importances": [
            0.04815618422016286,
            0.041050715934856125,
            0.011123525014743226,
            0.3296727821258654,
            0.10238981768752399,
            0.2534821279985114,
            0.015687298298544913,
            0.19650067069354055,
            0.0019368780262514528
        ]
    },
    "ms": {
        "n_estimators": 200,
        "max_depth": 15,
        "min_samples_split": 5,
        "min_samples_leaf": 2,
        "feature_importances": [
            0.02413846208270209,
            0.0177752424041473,
            0.06007103807318055,
            0.16905173446162913,
            0.01602939168296347,
            0.054991480772436534,
            0.5874684283106051,
            0.06985148196652124,
            0.0006227402458146049
        ]
    },
    "nafld": {
        "n_estimators": 200,
        "max_depth": 15,
        "min_samples_split": 5,
        "min_samples_leaf": 2,
        "feature_importances": [
            0.22952616185967975,
            0.15548960925724212,
            0.0806057325218842,
            0.2911411007596285,
            0.02738896624741188,
            0.09864142263574435,
            0.006333410416544739,
            0.11076972637201514,
            0.00010386992984938685
        ]
    },
    "obesity": {
        "n_estimators": 200,
        "max_depth": 15,
        "min_samples_split": 5,
        "min_samples_leaf": 2,
        "feature_importances": [
            0.0,
            0.0,
            0.0,
            0.0,
            0.0,
            0.0,
            0.0,
            0.0,
            0.0
        ]
    },
    "stroke": {
        "n_estimators": 200,
        "max_depth": 15,
        "min_samples_split": 5,
        "min_samples_leaf": 2,
        "feature_importances": [
            0.07034371679481533,
            0.04445870130505898,
            0.10352870561812169,
            0.4687958940157082,
            0.045626838784818054,
            0.15994792024861015,
            0.03201601550110404,
            0.07518830188225287,
            9.390584951070228e-05
        ]
    }
}