{
    "anemia": {
        "n_estimators": 100,
        "max_depth": null,
        "min_samples_split": 2,
        "min_samples_leaf": 1,
        "feature_importances": [
            0.00010465348959884233,
            0.00024343508737755838,
            0.011358931601375579,
            0.17609709984173583,
            0.02540383948979225,
            0.0029530398834945013,
            0.6733616406173756,
            0.07728511152409084,
            0.03319224846515899
        ]
    },
    "cholesterol": {
        "n_estimators": 100,
        "max_depth": null,
        "min_samples_split": 2,
        "min_samples_leaf": 1,
        "feature_importances": [
            0.009063343833487813,
            0.0063799700722741185,
            0.04097912885357353,
            0.7793717027109127,
            0.00901212801189002,
            0.05834354864835133,
            0.0036961629266675546,
            0.09312220439334572,
            3.181054949714252e-05
        ]
    },
    "ckd": {
        "n_estimators": 100,
        "max_depth": null,
        "min_samples_split": 2,
        "min_samples_leaf": 1,
        "feature_importances": [
            3.590338047082042e-05,
            1.082636630123075e-06,
            0.004147107721402628,
            0.08114539734342736,
            0.4299137884129096,
            0.016417010921200556,
            0.17010255410726843,
            0.031164352619586982,
            0.26707280285710333
        ]
    },
    "diabetes": {
        "n_estimators": 100,
        "max_depth": null,
        "min_samples_split": 2,
        "min_samples_leaf": 1,
        "feature_importances": [
            0.006414541597596717,
            0.009267387282115293,
            0.025931225170649677,
            0.7098251372434267,
            0.006991659003024472,
            0.048415765535048984,
            0.004214464705600316,
            0.18701559362396916,
            0.001924225838568732
        ]
    },
    "heart": {
        "n_estimators": 100,
        "max_depth": null,
        "min_samples_split": 2,
        "min_samples_leaf": 1,
        "feature_importances": [
            0.0008782541129253085,
            0.0015119396091287619,
            0.012774952591517138,
            0.0516298129512824,
            0.04891185112772268,
            0.7165744733765396,
            0.0022385015823363735,
            0.16411344020195925,
            0.0013667744465884987
        ]
    },
    "hypertension": {
        "n_estimators": 100,
        "max_depth": null,
        "min_samples_split": 2,
        "min_samples_leaf": 1,
        "feature_importances": [
            0.029081820168192284,
            0.02526757193172718,
            0.007832467108235746,
            0.3312806609303264,
            0.10199341728788709,
            0.2370004292901778,
            0.008833130456556136,
            0.2572078925956679,
            0.0015026102312293889
        ]
    },
    "ms": {
        "n_estimators": 100,
        "max_depth": null,
        "min_samples_split": 2,
        "min_samples_leaf": 1,
        "feature_importances": [
            0.013112756107783476,
            0.019575987987107024,
            0.02180979007167541,
            0.16798425990420088,
            0.019569738163236653,
            0.0039034289393936783,
            0.47288972417828923,
            0.2768282541640625,
            0.004326060484251185
        ]
    },
    "nafld": {
        "n_estimators": 100,
        "max_depth": null,
        "min_samples_split": 2,
        "min_samples_leaf": 1,
        "feature_importances": [
            0.18578619578146457,
            0.25821070305332733,
            0.01522832324738764,
            0.3200315486318849,
            0.0012172059154428733,
            0.009892285391236244,
            0.003016285202070471,
            0.20654386172638478,
            7.359105080130539e-05
        ]
    },
    "obesity": {
        "n_estimators": 100,
        "max_depth": null,
        "min_samples_split": 2,
        "min_samples_leaf": 1,
        "feature_importances": [
            0.0,
            0.0,
            0.0,
            0.0,
            0.0,
            0.0,
            0.0,
            0.0,
            0.0
        ]
    },
    "stroke": {
        "n_estimators": 100,
        "max_depth": null,
        "min_samples_split": 2,
        "min_samples_leaf": 1,
        "feature_importances": [
            0.043576577382516385,
            0.025922461850754416,
            0.04579634612393297,
            0.3025775552105606,
            0.010625016528841845,
            0.12552684798134758,
            0.02104563603262073,
            0.4248650880623542,
            6.447082707129647e-05
        ]
    }
}