{
    "n_estimators": 100,
    "max_depth": null,
    "min_samples_split": 2,
    "min_samples_leaf": 1,
    "feature_importances": [
        0.0008782541129253085,
        0.0015119396091287619,
        0.012774952591517138,
        0.0516298129512824,
        0.04891185112772268,
        0.7165744733765396,
        0.0022385015823363735,
        0.16411344020195925,
        0.0013667744465884987
    ]
}