{
    "n_estimators": 100,
    "max_depth": null,
    "min_samples_split": 2,
    "min_samples_leaf": 1,
    "feature_importances": [
        0.029081820168192284,
        0.02526757193172718,
        0.007832467108235746,
        0.3312806609303264,
        0.10199341728788709,
        0.2370004292901778,
        0.008833130456556136,
        0.2572078925956679,
        0.0015026102312293889
    ]
}