{
    "n_estimators": 100,
    "max_depth": null,
    "min_samples_split": 2,
    "min_samples_leaf": 1,
    "feature_importances": [
        0.013112756107783476,
        0.019575987987107024,
        0.02180979007167541,
        0.16798425990420088,
        0.019569738163236653,
        0.0039034289393936783,
        0.47288972417828923,
        0.2768282541640625,
        0.004326060484251185
    ]
}