{
    "n_estimators": 100,
    "max_depth": null,
    "min_samples_split": 2,
    "min_samples_leaf": 1,
    "feature_importances": [
        0.18578619578146457,
        0.25821070305332733,
        0.01522832324738764,
        0.3200315486318849,
        0.0012172059154428733,
        0.009892285391236244,
        0.003016285202070471,
        0.20654386172638478,
        7.359105080130539e-05
    ]
}