{
    "n_estimators": 100,
    "max_depth": null,
    "min_samples_split": 2,
    "min_samples_leaf": 1,
    "feature_importances": [
        0.043576577382516385,
        0.025922461850754416,
        0.04579634612393297,
        0.3025775552105606,
        0.010625016528841845,
        0.12552684798134758,
        0.02104563603262073,
        0.4248650880623542,
        6.447082707129647e-05
    ]
}